DURATEX - MDF/Linha Conceito/Hong-Kong.jpg,3,Hong-Kong.jpg,cat-3-0.jpg
DURATEX - MDF/Linha Conceito/Arenito.jpg,4,Arenito.jpg,cat-4-0.jpg
DURATEX - MDF/Linha Conceito/padrao-conceito-bolonha-976x468.jpg,5,padrao-conceito-bolonha-976x468.jpg,cat-5-0.jpg
DURATEX - MDF/Linha Conceito/eclipse-padrao-conceito-976x468-1.jpg,6,eclipse-padrao-conceito-976x468-1.jpg,cat-6-0.jpg
DURATEX - MDF/Linha Conceito/gobi-padrao-conceito-976x468-1.jpg,7,gobi-padrao-conceito-976x468-1.jpg,cat-7-0.jpg
DURATEX - MDF/Linha Conceito/lana-padrao-conceito-976x468-1.jpg,8,lana-padrao-conceito-976x468-1.jpg,cat-8-0.jpg
DURATEX - MDF/Linha Conceito/tramato-padrao-conceito-976x468-1.jpg,10,tramato-padrao-conceito-976x468-1.jpg,cat-10-0.jpg
DURATEX - MDF/Linha Cristallo/croma3-842x533px.jpg,12,croma3-842x533px.jpg,cat-12-0.jpg
DURATEX - MDF/Linha Cristallo/Pau-Ferro-Natural2-842x533px.jpg,13,Pau-Ferro-Natural2-842x533px.jpg,cat-13-0.jpg
DURATEX - MDF/Linha Trama/trama-padrao-branco-diamante-976x468.jpg
DURATEX - MDF/Linha Essencial/essencial-padrao-branco-diamante-976x468.jpg
DURATEX - MDF/Linha Cristallo/cristallo-padrao-branco-diamante-976x468.jpg,14,trama-padrao-branco-diamante-976x468.jpg
essencial-padrao-branco-diamante-976x468.jpg
cristallo-padrao-branco-diamante-976x468.jpg,cat-14-0.jpg
DURATEX - MDF/Linha Essencial/cinza-sagrado-padrao-essencial-976x468-1.jpg
DURATEX - MDF/Linha Cristallo/cinza-sagrado-padrao-essencial-976x468-1.jpg
DURATEX - MDP/Linha Essencial/cinza-sagrado-padrao-essencial-976x468-1.jpg,15,cinza-sagrado-padrao-essencial-976x468-1.jpg
cinza-sagrado-padrao-essencial-976x468-1.jpg
cinza-sagrado-padrao-essencial-976x468-1.jpg,cat-15-0.jpg
DURATEX - MDF/Linha Trama/trama-padrao-gianduia-976x468.jpg
DURATEX - MDF/Linha Cristallo/cristallo-padrao-gianduia-976x468.jpg,16,trama-padrao-gianduia-976x468.jpg
cristallo-padrao-gianduia-976x468.jpg,cat-16-0.jpg
DURATEX - MDF/Linha Cristallo/padrao-cristallo-maya-976x468.jpg,17,padrao-cristallo-maya-976x468.jpg,cat-17-0.jpg
DURATEX - MDF/Linha Cristallo/opala-ambiente-cristallo-976x468-1.jpg,18,opala-ambiente-cristallo-976x468-1.jpg,cat-18-0.jpg
DURATEX - MDF/Linha Trama/trama-padrao-preto-976x468.jpg
DURATEX - MDF/Linha Original/original-padrao-preto-976x468.jpg
DURATEX - MDF/Linha Cristallo/cristallo-padrao-preto-976x468.jpg
BERNECK/Linha TX/Preto-tx-1024-x1700-512x850.jpg
BERNECK/Linha Design/preto_design_site-1.jpg
BERNECK/Linha Unicolors/Preto-tx-1024-x1700-512x850 (1).jpg
BERNECK/Linha Grann/Louro-preto-1024-x1700-512x850.jpg
SUDATI/Linha TX/preto-tx.jpg
EUCATEX - MDP/PADRÃO TX/2113-mdp-eucaprint-bp-texturizado-preto-download.jpg
EUCATEX - MDP/PADRÃO LACCA AD/2350-mdp-eucaprint-lacca-ad-preto-onix-download.jpg
EUCATEX - MDP/PADRÃO LACCA AD/2362-mdp-eucaprint-lacca-ad-bianco-artico-preto-onix-download.jpg
EUCATEX - MDF/Padrão TX Premium/1807-mdf-eucafibra-tx-premium-preto-download.jpg
EUCATEX - MDF/Padrão Lacca AD/1792-mdf-eucafibra-lacca-ad-preto-onix-download.jpg
DURATEX - MDP/Linha Original/original-padrao-preto-976x468.jpg
GUARARAPES/Linha Dual Touch/pretoria_linha_dual_touch_guararapes.jpg
GUARARAPES/Linha Comfort/preto_silk_linha_comfort_guararapes.jpg,19,trama-padrao-preto-976x468.jpg
original-padrao-preto-976x468.jpg
cristallo-padrao-preto-976x468.jpg
Preto-tx-1024-x1700-512x850.jpg
preto_design_site-1.jpg
Preto-tx-1024-x1700-512x850 (1).jpg
Louro-preto-1024-x1700-512x850.jpg
preto-tx.jpg
2113-mdp-eucaprint-bp-texturizado-preto-download.jpg
2350-mdp-eucaprint-lacca-ad-preto-onix-download.jpg
2362-mdp-eucaprint-lacca-ad-bianco-artico-preto-onix-download.jpg
1807-mdf-eucafibra-tx-premium-preto-download.jpg
1792-mdf-eucafibra-lacca-ad-preto-onix-download.jpg
original-padrao-preto-976x468.jpg
pretoria_linha_dual_touch_guararapes.jpg
preto_silk_linha_comfort_guararapes.jpg,cat-19-0.jpg
DURATEX - MDF/Linha Cristallo/noturno-padrao-cristallo-976x468-1.jpg,21,noturno-padrao-cristallo-976x468-1.jpg,cat-21-0.jpg
DURATEX - MDF/Linha Design/design-padrao-carvalho-berlin-976x468.jpg,25,design-padrao-carvalho-berlin-976x468.jpg,cat-25-0.jpg
DURATEX - MDF/Linha Design/design-ambiente-carvalho-hanover-976x468.jpg,26,design-ambiente-carvalho-hanover-976x468.jpg,cat-26-0.jpg
DURATEX - MDF/Linha Design/design-padrao-carvalho-malva-976x468.jpg,27,design-padrao-carvalho-malva-976x468.jpg,cat-27-0.jpg
DURATEX - MDF/Linha Design/alta-design-padrao-carvalho-munique.jpg,28,alta-design-padrao-carvalho-munique.jpg,cat-28-0.jpg
DURATEX - MDF/Linha Design/design-padrao-ibiza-976x468.jpg,29,design-padrao-ibiza-976x468.jpg,cat-29-0.jpg
DURATEX - MDF/Linha Design/nogueira-caiena-padrao-design-976x468-1.jpg,31,nogueira-caiena-padrao-design-976x468-1.jpg,cat-31-0.jpg
DURATEX - MDF/Linha Design/padrao-link-nogueira-thar-976x468.jpg,32,padrao-link-nogueira-thar-976x468.jpg,cat-32-0.jpg
DURATEX - MDF/Linha Design/design-padrao-trancoso-976x468.jpg,33,design-padrao-trancoso-976x468.jpg,cat-33-0.jpg
DURATEX - MDF/Linha Essencial Wood/Carvalho-Luar.jpg,35,Carvalho-Luar.jpg,cat-35-0.jpg
DURATEX - MDF/Linha Essencial Wood/Carvalho-Eterno.jpg,36,Carvalho-Eterno.jpg,cat-36-0.jpg
DURATEX - MDF/Linha Essencial Wood/essencial-wood-padrao-inhotim-976x468.jpg,39,essencial-wood-padrao-inhotim-976x468.jpg,cat-39-0.jpg
DURATEX - MDF/Linha Essencial Wood/essencial-wood-padrao-rovere-marsala-976x468.jpg,40,essencial-wood-padrao-rovere-marsala-976x468.jpg,cat-40-0.jpg
DURATEX - MDF/Linha Essencial Wood/carvalho-batur-padrao-essencial-wood-976x468-1-1.jpg,41,carvalho-batur-padrao-essencial-wood-976x468-1-1.jpg,cat-41-0.jpg
DURATEX - MDF/Linha Essencial/padrao-essencial-artesanal-976x468.jpg
DURATEX - MDP/Linha Essencial/padrao-essencial-artesanal-976x468.jpg,43,padrao-essencial-artesanal-976x468.jpg
padrao-essencial-artesanal-976x468.jpg,cat-43-0.jpg
DURATEX - MDF/Linha Essencial/azul-secreto-padrao-essencial-976x468-1.jpg
DURATEX - MDP/Linha Essencial/azul-secreto-padrao-essencial-976x468-1.jpg,44,azul-secreto-padrao-essencial-976x468-1.jpg
azul-secreto-padrao-essencial-976x468-1.jpg,cat-44-0.jpg
DURATEX - MDF/Linha Trama/trama-padrao-branco-diamante-976x468.jpg
DURATEX - MDF/Linha Essencial/essencial-padrao-branco-diamante-976x468.jpg
DURATEX - MDF/Linha Cristallo/cristallo-padrao-branco-diamante-976x468.jpg,45,trama-padrao-branco-diamante-976x468.jpg
essencial-padrao-branco-diamante-976x468.jpg
cristallo-padrao-branco-diamante-976x468.jpg,cat-45-0.jpg
DURATEX - MDF/Linha Essencial/cinza-sagrado-padrao-essencial-976x468-1.jpg
DURATEX - MDF/Linha Cristallo/cinza-sagrado-padrao-essencial-976x468-1.jpg
DURATEX - MDP/Linha Essencial/cinza-sagrado-padrao-essencial-976x468-1.jpg,47,cinza-sagrado-padrao-essencial-976x468-1.jpg
cinza-sagrado-padrao-essencial-976x468-1.jpg
cinza-sagrado-padrao-essencial-976x468-1.jpg,cat-47-0.jpg
DURATEX - MDF/Linha Essencial/gepeto-padrao-essencial-976x468-1.jpg
DURATEX - MDP/Linha Essencial/gepeto-padrao-essencial-976x468-1.jpg,48,gepeto-padrao-essencial-976x468-1.jpg
gepeto-padrao-essencial-976x468-1.jpg,cat-48-0.jpg
DURATEX - MDF/Linha Essencial/padrao-essencial-mint-976x468.jpg
DURATEX - MDP/Linha Essencial/padrao-essencial-mint-976x468.jpg,49,padrao-essencial-mint-976x468.jpg
padrao-essencial-mint-976x468.jpg,cat-49-0.jpg
DURATEX - MDF/Linha Essencial/essencial-padrao-noce-mare-976x468.jpg,52,essencial-padrao-noce-mare-976x468.jpg,cat-52-0.jpg
DURATEX - MDF/Linha Essencial/padrao-essencial-orion-976X468.jpg,53,padrao-essencial-orion-976X468.jpg,cat-53-0.jpg
DURATEX - MDF/Linha Essencial/padrao-essencial-portoro-976x468.jpg,55,padrao-essencial-portoro-976x468.jpg,cat-55-0.jpg
DURATEX - MDP/Linha Essencial/padrao-essencial-prata-976x468.jpg,56,padrao-essencial-prata-976x468.jpg,cat-56-0.jpg
DURATEX - MDF/Linha Essencial/rosa-glamour-padrao-essencial-976x468-1.jpg
DURATEX - MDP/Linha Essencial/rosa-glamour-padrao-essencial-976x468-1.jpg,57,rosa-glamour-padrao-essencial-976x468-1.jpg
rosa-glamour-padrao-essencial-976x468-1.jpg,cat-57-0.jpg
DURATEX - MDF/Linha Essencial/essencial-padrao-rovere-sereno-976x468.jpg,58,essencial-padrao-rovere-sereno-976x468.jpg,cat-58-0.jpg
DURATEX - MDF/Linha Essencial/padrao-essencial-steel-976x468.jpg
DURATEX - MDP/Linha Essencial/padrao-essencial-steel-976x468.jpg,59,padrao-essencial-steel-976x468.jpg
padrao-essencial-steel-976x468.jpg,cat-59-0.jpg
DURATEX - MDF/Linha Essencial/verde-real-essencial-976x468-1.jpg
DURATEX - MDP/Linha Essencial/verde-real-essencial-976x468-1.jpg,60,verde-real-essencial-976x468-1.jpg
verde-real-essencial-976x468-1.jpg,cat-60-0.jpg
DURATEX - MDF/Linha Essencial/padrao-essencial-thassos-976x468.jpg,61,padrao-essencial-thassos-976x468.jpg,cat-61-0.jpg
DURATEX - MDF/Linha Trama/linha-trama-padrao-deserto-842x533.jpg,63,linha-trama-padrao-deserto-842x533.jpg,cat-63-0.jpg
DURATEX - MDF/Linha Trama/trama-padrao-positano-976x468.jpg,64,trama-padrao-positano-976x468.jpg,cat-64-0.jpg
DURATEX - MDF/Linha Trama/trama-padrao-branco-diamante-976x468.jpg
DURATEX - MDF/Linha Essencial/essencial-padrao-branco-diamante-976x468.jpg
DURATEX - MDF/Linha Cristallo/cristallo-padrao-branco-diamante-976x468.jpg,66,trama-padrao-branco-diamante-976x468.jpg
essencial-padrao-branco-diamante-976x468.jpg
cristallo-padrao-branco-diamante-976x468.jpg,cat-66-0.jpg
DURATEX - MDF/Linha Trama/trama-padrao-gianduia-976x468.jpg
DURATEX - MDF/Linha Cristallo/cristallo-padrao-gianduia-976x468.jpg,67,trama-padrao-gianduia-976x468.jpg
cristallo-padrao-gianduia-976x468.jpg,cat-67-0.jpg
DURATEX - MDF/Linha Trama/trama-padrao-grafite-976x468.jpg
EUCATEX - MDP/PADRÃO LACCA CETIN/1837-mdp-eucaprint-lacca-cetin-grafite-intenso-download.jpg
EUCATEX - MDP/PADRÃO PERFFECT TOUCH/1897-mdp-eucaprint-perffect-touch-grafite-intenso-download.jpg
EUCATEX - MDF/Padrão Lacca Cetin/1687-mdf-eucafibra-lacca-cetin-grafite-intenso-download.jpg
EUCATEX - MDF/Padrão Lacca AD/2347-mdf-eucafibra-lacca-ad-grafite-intenso-download.jpg
GUARARAPES/Linha Colors/grafite_linha_colors_guararapes.jpg,68,trama-padrao-grafite-976x468.jpg
1837-mdp-eucaprint-lacca-cetin-grafite-intenso-download.jpg
1897-mdp-eucaprint-perffect-touch-grafite-intenso-download.jpg
1687-mdf-eucafibra-lacca-cetin-grafite-intenso-download.jpg
2347-mdf-eucafibra-lacca-ad-grafite-intenso-download.jpg
grafite_linha_colors_guararapes.jpg,cat-68-0.jpg
DURATEX - MDF/Linha Trama/trama-padrao-preto-976x468.jpg
DURATEX - MDF/Linha Original/original-padrao-preto-976x468.jpg
DURATEX - MDF/Linha Cristallo/cristallo-padrao-preto-976x468.jpg
BERNECK/Linha TX/Preto-tx-1024-x1700-512x850.jpg
BERNECK/Linha Design/preto_design_site-1.jpg
BERNECK/Linha Unicolors/Preto-tx-1024-x1700-512x850 (1).jpg
BERNECK/Linha Grann/Louro-preto-1024-x1700-512x850.jpg
SUDATI/Linha TX/preto-tx.jpg
EUCATEX - MDP/PADRÃO TX/2113-mdp-eucaprint-bp-texturizado-preto-download.jpg
EUCATEX - MDP/PADRÃO LACCA AD/2350-mdp-eucaprint-lacca-ad-preto-onix-download.jpg
EUCATEX - MDP/PADRÃO LACCA AD/2362-mdp-eucaprint-lacca-ad-bianco-artico-preto-onix-download.jpg
EUCATEX - MDF/Padrão TX Premium/1807-mdf-eucafibra-tx-premium-preto-download.jpg
EUCATEX - MDF/Padrão Lacca AD/1792-mdf-eucafibra-lacca-ad-preto-onix-download.jpg
DURATEX - MDP/Linha Original/original-padrao-preto-976x468.jpg
GUARARAPES/Linha Dual Touch/pretoria_linha_dual_touch_guararapes.jpg
GUARARAPES/Linha Comfort/preto_silk_linha_comfort_guararapes.jpg,69,trama-padrao-preto-976x468.jpg
original-padrao-preto-976x468.jpg
cristallo-padrao-preto-976x468.jpg
Preto-tx-1024-x1700-512x850.jpg
preto_design_site-1.jpg
Preto-tx-1024-x1700-512x850 (1).jpg
Louro-preto-1024-x1700-512x850.jpg
preto-tx.jpg
2113-mdp-eucaprint-bp-texturizado-preto-download.jpg
2350-mdp-eucaprint-lacca-ad-preto-onix-download.jpg
2362-mdp-eucaprint-lacca-ad-bianco-artico-preto-onix-download.jpg
1807-mdf-eucafibra-tx-premium-preto-download.jpg
1792-mdf-eucafibra-lacca-ad-preto-onix-download.jpg
original-padrao-preto-976x468.jpg
pretoria_linha_dual_touch_guararapes.jpg
preto_silk_linha_comfort_guararapes.jpg,cat-69-0.jpg
DURATEX - MDF/Linha Trama/trama-padrao-sirena-976x468.jpg,70,trama-padrao-sirena-976x468.jpg,cat-70-0.jpg
DURATEX - MDF/Linha Trama/trama-padrao-carbono-976x468.jpg
EUCATEX - MDP/PADRÃO RAÍZES/2374-mdp-eucaprint-bp-raizes-carbono-download.jpg
EUCATEX - MDF/Padrão Raízes/1540-mdf-eucafibra-bp-raizes-carbono-download.jpg,72,trama-padrao-carbono-976x468.jpg
2374-mdp-eucaprint-bp-raizes-carbono-download.jpg
1540-mdf-eucafibra-bp-raizes-carbono-download.jpg,cat-72-0.jpg
DURATEX - MDF/Linha Trama/trama-padrao-stucco-976x468.jpg,73,trama-padrao-stucco-976x468.jpg,cat-73-0.jpg
DURATEX - MDF/Linha Trama/nobile-padrao-trama-976x468-1.jpg,74,nobile-padrao-trama-976x468-1.jpg,cat-74-0.jpg
DURATEX - MDF/Linha Trama/padrao-trama-yes-976x468.jpg,75,padrao-trama-yes-976x468.jpg,cat-75-0.jpg
DURATEX - MDF/Linha Cross/cross-padrao-arizona-976x468.jpg,76,cross-padrao-arizona-976x468.jpg,cat-76-0.jpg
DURATEX - MDF/Linha Cross/cross-padrao-riviera-976x468.jpg,77,cross-padrao-riviera-976x468.jpg,cat-77-0.jpg
DURATEX - MDF/Linha Prima/prisma-padrao-larnaca-976x468.jpg,79,prisma-padrao-larnaca-976x468.jpg,cat-79-0.jpg
DURATEX - MDF/Linha Prima/prisma-padrao-nogueira-cadiz-976x468.jpg,82,prisma-padrao-nogueira-cadiz-976x468.jpg,cat-82-0.jpg
