98,frassino_almendra_site.jpg
99,frassino_whiskey_site.jpg
100,Calcare-512x850.jpg
101,argento_rust-2.jpg
102,ruggine_site-1.jpg
103,linen_grigio_site.jpg
104,chiaro_site.jpg
105,damasco_site.jpg
106,nogal_sevilha_site-1.jpg
107,maple_site.jpg
108,Italian-noce-1024x1700-512x850.jpg
109,wengue_valencia_site-1.jpg
110,carvalho_atenas_site-1.jpg
111,Wengue-Ravena-1024-x-1700-512x850.jpg
112,carvalho_nice_site-2.jpg
113,Baumkuchen-1024x1700-512x850.jpg
114,Barrique-1024-x-1700-512x850.jpg
115,castaine_site3.jpg
116,gengibre_site.jpg
117,peroba_site-1.jpg
118,nero_site3.jpg
119,cinza_cobalto_site.jpg
120,metallic_suede_site_02.jpg
121,azul_vel_trat_compensado-512x850.jpg
122,cinza_cristal_site.jpg
123,Marquina-512x850.jpg
124,branco_tx_site-2.jpg
125,bege_site-1.jpg
126,Cinza-Argila-1024-x1700-512x850.jpg
127,Preto-tx-1024-x1700-512x850.jpg
128,blackdots_site-1.jpg
129,nogal_turin_site-1.jpg
130,Carvalho-Treviso_trat_compensado-512x850.jpg
131,preto_design_site-1.jpg
132,nogal_malaga_site-1.jpg
133,Chumbo-512x850.jpg
134,Ceramik-512x850.jpg
135,Nude-1024-x1700-512x850.jpg
136,Sky-1024-x1700-512x850.jpg
137,super_white_site-2.jpg
138,"Preto-tx-1024-x1700-512x850 (1).jpg"
139,Azul-vel-1024-x-1700-512x850.jpg
140,Millennial-512x850.jpg
141,Cinamomo-512x850.jpg
142,compensato_alta-512x850.jpg
143,Louro-freijó-1024-x-1700-1-512x850.jpg
144,cacau-colecao-nomade-berneck-mdp-mdf.jpg
145,Louro-preto-1024-x1700-512x850.jpg
146,solanum-colecao-nomade-berneck-mdp-mdf.jpg
147,Galiano-512x850.jpg
148,griseo-colecao-nomade-berneck-mdp-mdf.jpg
149,faia_site.jpg
150,Panama-512x850.jpg
151,Branco-vel-4-512x850.jpg
152,denim-colecao-nomade-berneck-mdp-mdf.jpg
153,branco.jpg
154,mineral1591382290.jpg
155,preto-tx.jpg
156,bege.jpg
157,glamour1591382254.jpg
158,cinza-cristal.jpg
159,vulcano.jpg
160,cabernet1591382389.jpg
161,corazzi1591382417.jpg
162,carmenere1591382447.jpg
163,molinara1591382502.jpg
164,bellini1591382327.jpg
165,versati1591382515.jpg
166,imbuia1591382602.jpg
167,leon1591382482.jpg
168,tempranillo1591382551.jpg
169,moscato1591382359.jpg
170,nebbiolo1591382540.jpg
171,bianco-ravena1591382303.jpg
172,trebbiano-blanc1591382316.jpg
173,nerello1591382563.jpg
174,monastrell1591382463.jpg
175,louro-freijo1591382431.jpg
176,carvalho-lino1591382591.jpg
177,rustic-bari1591382375.jpg
178,chenin-blanc1591382344.jpg
179,carvalho-castelli1591382404.jpg
180,merlot1591382528.jpg
181,carvalho-natural1591382575.jpg
182,pisano1591382178.jpg
183,asti1591382201.jpg
184,alighieri1591382191.jpg
185,bracciolini1591382136.jpg
186,alessi1591382213.jpg
187,sofisticato1591382243.jpg
188,arinto1591382149.jpg
189,rosselli1591382120.jpg
190,botticelli1591382164.jpg
191,lina1591382229.jpg
192,santiago1591382626.jpg
193,floripa1591382661.jpg
194,argel1591382673.jpg
195,manhattan1591382648.jpg
196,cambiasi1591382615.jpg
197,havana1591382636.jpg
198,amazonia1591382685.jpg
199,1822-mdp-eucaprint-lacca-cetin-bianco-artico-download.jpg
200,1837-mdp-eucaprint-lacca-cetin-grafite-intenso-download.jpg
201,1840-mdp-eucaprint-lacca-cetin-rosa-download.jpg
202,2143-mdp-eucaprint-bp-texturizado-bianco-artico-download.jpg
203,2140-mdp-eucaprint-bp-texturizado-bege-light-download.jpg
204,2152-mdp-eucaprint-bp-texturizado-cinza-cristal-light-download.jpg
205,2398-mdp-eucaprint-bp-texturizado-concreto-download.jpg
206,2155-mdp-eucaprint-bp-texturizado-nero-marquina-download.jpg
207,2134-mdp-eucaprint-bp-texturizado-argila-download.jpg
208,2128-mdp-eucaprint-bp-texturizado-trentino-download.jpg
209,2146-mdp-eucaprint-bp-texturizado-branco-light-download.jpg
210,2137-mdp-eucaprint-bp-texturizado-azul-royal-download.jpg
211,2113-mdp-eucaprint-bp-texturizado-preto-download.jpg
212,2149-mdp-eucaprint-bp-texturizado-cinza-cobalto-download.jpg
213,2284-mdp-eucaprint-perffect-wood-madeira-oak-download.jpg
214,1939-mdp-eucaprint-perffect-wood-nogueira-casablanca-download.jpg
215,1942-mdp-eucaprint-perffect-wood-nogueira-san-remo-download.jpg
216,1903-mdp-eucaprint-perffect-wood-bianco-artico-download.jpg
217,1915-mdp-eucaprint-perffect-wood-castanho-affara-download.jpg
218,2287-mdp-eucaprint-perffect-wood-carvalho-nevada-download.jpg
219,1984-mdp-eucaprint-perffect-wood-montana-download.jpg
220,1954-mdp-eucaprint-perffect-wood-carvalho-montreal-download.jpg
221,2290-mdp-eucaprint-perffect-wood-legno-crema-download.jpg
222,2281-mdp-eucaprint-perffect-wood-aveiro-oak-download.jpg
223,1959-mdp-eucaprint-perffect-wood-castanho-velazquez-download.jpg
224,1912-mdp-eucaprint-perffect-wood-carvalho-sintra-download.jpg
225,1909-mdp-eucaprint-perffect-wood-carvalho-cordilheira-download.jpg
226,1975-mdp-eucaprint-perffect-wood-carvalho-smoked-download.jpg
227,2293-mdp-eucaprint-perffect-wood-freixo-download.jpg
228,1918-mdp-eucaprint-perffect-wood-castanho-argel-download.jpg
229,1971-mdp-eucaprint-perffect-wood-legno-blanche-download.jpg
230,1906-mdp-eucaprint-perffect-wood-carvalho-cartagena-download.jpg
231,1933-mdp-eucaprint-perffect-wood-castanho-tannat-download.jpg
232,1980-mdp-eucaprint-perffect-wood-fresno-decape-download.jpg
233,2296-mdp-eucaprint-perffect-wood-elmo-natural-download.jpg
234,1945-mdp-eucaprint-perffect-wood-tabaco-brasil-download.jpg
235,2359-mdp-eucaprint-lacca-ad-azul-neon-download.jpg
236,2350-mdp-eucaprint-lacca-ad-preto-onix-download.jpg
237,2365-mdp-eucaprint-lacca-ad-bianco-artico-branco-neve-download.jpg
238,2356-mdp-eucaprint-lacca-ad-carvalho-smoked-download.jpg
239,2368-mdp-eucaprint-lacca-ad-amlarelo-gema-download.jpg
240,2353-mdp-eucaprint-lacca-ad-pink-download.jpg
241,2362-mdp-eucaprint-lacca-ad-bianco-artico-preto-onix-download.jpg
242,2026-mdp-eucaprint-perffect-one-tecido-nude-download.jpg
243,2011-mdp-eucaprint-perffect-one-bianco-artico-download.jpg
244,2305-mdp-eucaprint-perffect-one-concreto-gris-download.jpg
245,2014-mdp-eucaprint-perffect-one-branco-real-download.jpg
246,2020-mdp-eucaprint-perffect-one-fresno-sbiancato-download.jpg
247,2023-mdp-eucaprint-perffect-one-montana-download.jpg
248,2223-mdp-eucaprint-bp-natural-wood-nogueira-casablanca-download.jpg
249,2214-mdp-eucaprint-bp-natural-wood-legno-blanche-download.jpg
250,2211-mdp-eucaprint-bp-natural-wood-kalahari-download.jpg
251,2208-mdp-eucaprint-bp-natural-wood-italian-noce-download.jpg
252,2199-mdp-eucaprint-bp-natural-wood-elmo-natural-download.jpg
253,2202-mdp-eucaprint-bp-natural-wood-frassino-crema-download.jpg
254,2196-mdp-eucaprint-bp-natural-wood-elmo-macciato-download.jpg
255,2193-mdp-eucaprint-bp-natural-wood-castanho-tannat-download.jpg
256,2217-mdp-eucaprint-bp-natural-wood-legno-crema-download.jpg
257,2220-mdp-eucaprint-bp-natural-wood-linho-download.jpg
258,2205-mdp-eucaprint-bp-natural-wood-fresno-sbiancato-download.jpg
259,2047-mdp-eucaprint-bp-arenato-carvalho-corten-download.jpg
260,2056-mdp-eucaprint-bp-arenato-castanho-velazquez-download.jpg
261,2068-mdp-eucaprint-bp-arenato-rustico-download.jpg
262,2065-mdp-eucaprint-bp-arenato-nogueira-terra-download.jpg
263,2038-mdp-eucaprint-bp-arenato-antique-wood-download.jpg
264,2071-mdp-eucaprint-bp-arenato-wengue-dourado-download.jpg
265,2395-mdp-eucaprint-bp-raizes-nordico-download.jpg
266,2380-mdp-eucaprint-bp-raizes-eucalipto-download.jpg
267,2392-mdp-eucaprint-bp-raizes-noce-oro-download.jpg
268,2386-mdp-eucaprint-bp-raizes-imbuia-terra-download.jpg
269,2371-mdp-eucaprint-bp-raizes-arenas-download.jpg
270,2374-mdp-eucaprint-bp-raizes-carbono-download.jpg
271,2389-mdp-eucaprint-bp-raizes-lamina-dourada-download.jpg
272,2383-mdp-eucaprint-bp-raizes-freijo-ambar-download.jpg
273,2375-mdp-eucaprint-bp-raizes-cinnamon-download.jpg
274,2077-mdp-eucaprint-bp-madeira-chocolate-fineline-download.jpg
275,2302-mdp-eucaprint-perffect-touch-verde-bellagio-download.jpg
276,1894-mdp-eucaprint-perffect-touch-fume-download.jpg
277,1891-mdp-eucaprint-perffect-touch-branco-download.jpg
278,1900-mdp-eucaprint-perffect-touch-nogueira-san-remo-download.jpg
279,1897-mdp-eucaprint-perffect-touch-grafite-intenso-download.jpg
280,2299-mdp-eucaprint-perffect-touch-oxid-download.jpg
281,2073-mdp-eucasuper-cru-download.jpg
282,BALI.jpg
283,NORONHA.jpg
284,FREIJO_AMAZONAS.jpg
285,VILLANDRY.jpg
286,JADE.jpg
287,MÁLAGA.jpg
288,CILENTO.jpg
289,VERSALHES.jpg
290,BUILD.jpg
291,STYLE.jpg
292,PIETRA-BRONZE.jpg
293,DUO.jpg
294,INOVA.jpg
295,UNIQUE.jpg
296,URBAN.jpg
297,RAVEN.jpg
298,SIENA.jpg
299,PRUSSIAN.jpg
300,GARANZA.jpg
301,ARATON.jpg
302,PALE.jpg
303,CAPUT.jpg
304,3748-mdf-eucafibra-lacca-metallic-galaxia-download.jpg
305,2450-mdf-eucafibra-lacca-metallic-oxid-download.jpg
306,3736-mdf-eucafibra-lacca-metallic-bianco-perlato-download.jpg
307,2444-mdf-eucafibra-lacca-metallic-argento-download.jpg
308,2447-mdf-eucafibra-lacca-metallic-cobre-download.jpg
309,3739-mdf-eucafibra-lacca-metallic-escovado-download.jpg
310,1687-mdf-eucafibra-lacca-cetin-grafite-intenso-download.jpg
311,1669-mdf-eucafibra-lacca-cetin-fume-download.jpg
312,1804-mdf-eucafibra-tx-premium-bianco-artico-download.jpg
313,1807-mdf-eucafibra-tx-premium-preto-download.jpg
314,3700-eucafibra-bp-grafis-fume-classico-download.jpg
315,3703-eucafibra-bp-grafis-verde-amalfi-download.jpg
316,3686-eucafibra-bp-grafis-trama-beige-download.jpg
317,3697-eucafibra-bp-grafis-cinnamon-download.jpg
318,3694-eucafibra-bp-grafis-arenas-download.jpg
319,3691-eucafibra-bp-grafis-trama-gris-download.jpg
320,1780-mdf-eucafibra-lacca-ad-fume-download.jpg
321,2344-mdf-eucafibra-lacca-ad-verde-bellagio-download.jpg
322,2341-mdf-eucafibra-lacca-ad-terracota-download.jpg
323,2347-mdf-eucafibra-lacca-ad-grafite-intenso-download.jpg
324,2338-mdf-eucafibra-lacca-ad-azul-mediterraneo-download.jpg
325,2335-mdf-eucafibra-lacca-ad-desert-rose-download.jpg
326,1762-mdf-eucafibra-lacca-ad-cinza-italia-download.jpg
327,1749-mdf-eucafibra-lacca-ad-branco-neve-download.jpg
328,1792-mdf-eucafibra-lacca-ad-preto-onix-download.jpg
329,1786-mdf-eucafibra-lacca-ad-italian-noce-download.jpg
330,1801-mdf-eucafibra-lacca-ad-vermelho-scarlate-download.jpg
331,1744-mdf-eucafibra-lacca-ad-amarelo-gema-download.jpg
332,1558-mdf-eucafibra-bp-raizes-noce-oro-download.jpg
333,1555-mdf-eucafibra-bp-raizes-lamina-dourada-download.jpg
334,1552-mdf-eucafibra-bp-raizes-imbuia-terra-download.jpg
335,3733-mdf-eucafibra-bp-raizes-lamina-naturalle-download.jpg
336,3730-mdf-eucafibra-bp-raizes-freijo-escuro-download.jpg
337,1561-mdf-eucafibra-bp-raizes-nordico-download.jpg
338,1540-mdf-eucafibra-bp-raizes-carbono-download.jpg
339,1549-mdf-eucafibra-bp-raizes-freijo-ambar-download.jpg
340,3726-mdf-eucafibra-bp-raizes-carvalho-canela-retrofit-download.jpg
341,2970-mdf-eucafibra-cru-cru-download.jpg
342,3722-mdf-eucafibra-bp-matt-plus-italian-noce-retrofit-download.jpg
343,1579-mdf-eucafibra-bp-matt-plus-elmo-macciato-download.jpg
344,3711-mdf-eucafibra-bp-matt-plus-rosa-download.jpg
345,1573-mdf-eucafibra-bp-matt-plus-legno-crema-download.jpg
346,3790-mdf-eucafibra-bp-matt-plus-botticino-download.jpg
347,1567-mdf-eucafibra-bp-matt-plus-branco-max-download.jpg
348,3719-mdf-eucafibra-bp-matt-plus-castanho-bronze-download.jpg
349,3714-mdf-eucafibra-bp-matt-plus-grani-download.jpg
350,rosa-glamour-padrao-essencial-976x468-1.jpg
351,azul-secreto-padrao-essencial-976x468-1.jpg
352,cinza-sagrado-padrao-essencial-976x468-1.jpg
353,padrao-essencial-mint-976x468.jpg
354,verde-real-essencial-976x468-1.jpg
355,padrao-essencial-artesanal-976x468.jpg
356,perola-urbana-padrao-essencial-976x468-1.jpg
357,padrao-essencial-steel-976x468.jpg
358,gepeto-padrao-essencial-976x468-1.jpg
359,essencial-padrao-noce-california-976x468.jpg
360,padrao-essencial-prata-976x468.jpg
361,original-padrao-ovo-976x468.jpg
362,original-padrao-preto-976x468.jpg
363,original-padrao-cristal-976x468.jpg
364,original-padrao-branco-artico-976x468.jpg
365,Fibra-Nativa-Padrão-Linha-Quadratta.jpg
366,Renda-Linha-Quadratta-alta.jpg
367,Cosmo_inteira_150DPI-667x1024.jpg
368,Atenna_inteira_150DPI-667x1024.jpg
369,Cumaru_inteira_150DPI-667x1024.jpg
370,Gaya_inteira_150DPI-667x1024.jpg
371,Lord_inteira_150DPI-667x1024.jpg
372,BEIGE-667x1024.jpg
373,CACAO-667x1024.jpg
374,BETON-667x1024.jpg
375,Montagem_Masisa_Virginia_72x105-683x1024.jpg
376,ristretto-producto-1-771x1024.jpg
377,vanilla-producto-1-507x1024.jpg
378,MDF-Arauco-Zurich-683x1024.jpg
379,walnut-producto-1-615x1024.jpg
380,leggero-producto-1-771x1024.jpg
381,Montagem_Masisa_Malbec_Vanilla_72x105-683x1024.jpg
382,cinza-cristal-producto-1-504x1024.jpg
383,Montagem_Masisa_Rovere_Bianco_72x105-683x1024.jpg
384,Montagem_Masisa_Toronto_72x105-1-683x1024.jpg
385,Montagem_Masisa_Nebraska_72x105-683x1024.jpg
386,argila-producto-1-507x1024.jpg
387,Montagem_Masisa_Venezuela_72x105-683x1024.jpg
388,Montagem_Masisa_Vintage_72x105-683x1024.jpg
389,rustic-producto-1-689x1024.jpg
390,nogal-terracota-producto-1-830x1024.jpg
391,Pau-ferro-683x1024.jpg
392,ZENRYS-473x1024.jpg
393,Marmara_Gri_10x15-685x1024.jpg
394,Cinzell-683x1024.jpg
395,Montagem_Masisa_Nogueira_72x105-1-683x1024.jpg
396,Cinzell-Chapa.jpg
397,MDF-Nova-Imbuia.jpg
398,Marmara_Erik_10x15-685x1024.jpg
399,taj-producto-1-689x1024.jpg
400,Montagem_Masisa_Louro_Freijo_72x105-683x1024.jpg
401,nodo-producto-1-768x1024.jpg
402,Montagem_Masisa_Concreto_Metropolitan_72x105-683x1024.jpg
403,truffel-producto-1-829x1024.jpg
404,autentic-producto-1-771x1024.jpg
405,Marmara_Kahve_10x15-685x1024.jpg
406,Montagem_Masisa_Western_72x105-683x1024.jpg
407,Montagem_Masisa_Coll_72x105-683x1024.jpg
408,NIMBUS-870x1024.jpg
409,mezzo-bianco-producto-1-770x1024.jpg
410,Carvalho-Mel_Chapa_Masisa_45cm-x-6825cm.jpg
411,Montagem_Masisa_Ipe_Amarelo_72x105-683x1024.jpg
412,mezzo-castani-producto-1-989x1024.jpg
413,Montagem_Masisa_Aco-Corten_72x105-683x1024.jpg
414,Sal-Rosa-683x1024.jpg
415,lino-piombo-producto-1-757x1024.jpg
416,masisa_azulao_72x108-683x1024.jpg
417,canela-producto2-1-605x1024.jpg
418,Montagem_Masisa_BrancoPlatinum_72x105-683x1024.jpg
419,Montagem_Masisa_Chamois_72x105-683x1024.jpg
420,Montagem_Masisa_Linho_72x105-683x1024.jpg
421,cobre-corten-producto-1-689x1024.jpg
422,MDF-Cafelatte-3-694x1024.jpg
423,masisa_brita_72x108-683x1024.jpg
424,grafen-producto-1-473x1024.jpg
425,grafito-producto-2-653x1024.jpg
426,golden-producto-1-478x1024.jpg
427,Masisa_Crema-840x1024.jpg
428,connect-producto-1-762x1024.jpg
429,kashmir-producto-1-759x1024.jpg
430,Montagem_Masisa_Hunter_72x105-683x1024.jpg
431,Montagem_Masisa_Blanche_72x105-683x1024.jpg
432,lino-producto-1-757x1024.jpg
433,branco-supremo-producto-1-656x1024.jpg
434,LOTUS-1-689x1024.jpg
435,nude-producto-1-548x1024.jpg
436,Masisa_Bruma-792x1024.jpg
437,Masisa_Névoa.jpg
438,Espresso.jpg
439,Frapê-1.jpg
440,Montagem_Masisa_Fabric_72x105-683x1024.jpg
441,ebano-producto-1-560x1024.jpg
442,Licor-1024x1024.jpg
443,Montagem_Masisa_Rubi_72x105-683x1024.jpg
444,Montagem_Masisa_Onix_72x105-683x1024.jpg
445,lassen-producto-1-605x1024.jpg
446,Mocca.jpg
447,Montagem_Masisa_Azul_72x105-683x1024.jpg
448,gris-producto-1-770x1024.jpg
449,rovere-canova-producto-1-467x1024.jpg
450,MDF-Ciliegio.jpg
451,Montagem_Masisa_Grigio_72x105-683x1024.jpg
452,carvalho-dakar-producto-1-1024x1024.jpg
453,Montagem_Masisa_Castanho_72x105-683x1024.jpg
454,tokai-producto-1-770x1024.jpg
455,baltic-producto-1-771x1024.jpg
456,BUFALO-683x1024.jpg
457,masisa_cajueiro_72x108-683x1024.jpg
458,Montagem_Masisa_Tirol_72x105-683x1024.jpg
459,Montagem_Masisa_Camurca_72x105-683x1024.jpg
460,Masisa_Castanha-Branca-779x1024.jpg
461,Montagem_Masisa_Tabaco_72x105-683x1024.jpg
462,NORUS-1-689x1024.jpg
463,noce-naturale-producto-1-1024x996.jpg
464,Montagem_Masisa_Carvalho_72x105-683x1024.jpg
465,teka-barcelona-producto-1-777x1024.jpg
466,TINTO-683x1024.jpg
467,nordic-producto-1-478x1024.jpg
468,teka-artico-readywall-750x1024.jpg
469,venezia-producto-1-1024x1024.jpg
470,concreto-decor-producto-1-1024x592.jpg
471,bronze_linha_magma_guararapes.jpg
472,vesuvio_linha_magma_guararapes.jpg
473,fog_linha_magma_guararapes.jpg
474,cosmos_linha_magma_guararapes.jpg
475,marmo_linha_magma_guararapes.jpg
476,petra_linha_magma_guararapes.jpg
477,fontana_linha_magma_guararapes.jpg
478,fulge_linha_magma_guararapes.jpg
479,quartzo_linha_magma_guararapes.jpg
480,nero_dual_syncro_guararapes.jpg
481,caribe_linha_dual_syncro_guararapes.jpg
482,siberia_linha_dual_syncro_guararapes.jpg
483,baviera_linha_dual_syncro_guararapes.jpg
484,savana_linha_dual_syncro_guararapes.jpg
485,carvalho_natural_linha_naturale_guararapes.jpg
486,nogal_champagne_linha_naturale_guararapes.jpg
487,new_cherry_linha_naturale_guararapes.jpg
488,antiqua_linha_naturale_guararapes.jpg
489,bilbao_linha_naturale_guararapes.jpg
490,teka_bianco_linha_naturale_guararapes.jpg
491,cipres_linha_naturale_guararapes.jpg
492,nogal_sevilha_linha_naturale_guararapes.jpg
493,alabama_linha_dual_touch_guararapes.jpg
494,pretoria_linha_dual_touch_guararapes.jpg
495,paris_linha_dual_touch_guararapes.jpg
496,dual_black_linha_dual_touch_guararapes.jpg
497,elmo_dubai_linha_dual_touch_guararapes.jpg
498,lisboa_linha_dual_touch.jpg
499,antuerpia_linha_dual_touch.jpg
500,cinza_urban_linha_colors_guararapes.jpg
501,pixel_linha_colors_guararapes.jpg
502,capuccino_linha_colors_guararapes.jpg
503,niquel_linha_colors_guararapes.jpg
504,terracota_linha_colors_guararapes.jpg
505,alecrim_linha_colors_guararapes.jpg
506,marsala_linha_colors_guararapes.jpg
507,rosa_milkshake_linha_colors_guararapes.jpg
508,azul_petroleo_linha_colors_guararapes.jpg
509,maxi_branco_linha_colors_guararapes.jpg
510,areia_linha_colors_guararapes.jpg
511,tijolo_linha_colors_guararapes.jpg
512,ouro_linha_colors_guararapes.jpg
513,grafite_linha_colors_guararapes.jpg
514,corten_linha_metalic_guararapes.jpg
515,onix_linha_metalic_guararapes.jpg
516,cobre_linha_metalic_guararapes.jpg
517,berinjela_linha_metalic_guararapes.jpg
518,imbuia_linha_madeiras_do_brasil_guararapes.jpg
519,curupixa_linha_madeiras_do_brasil_guararapes.jpg
520,tauari_Linha_madeiras_do_brasil_guararapes.jpg
521,ipe_linha_madeiras_do_brasil_guararapes.jpg
522,pau_ferro_linha_madeiras_do_brasil_guararapes.jpg
523,freijo_linha_madeira_do_brasil_guararapes.jpg
524,branco_iceland_linha_comfort_guararapes.jpg
525,nevada_linha_comfort_guarrarapes.jpg
526,milano_linha_comfort_guararapes.jpg
527,papyrus_linha_comfort_guararapes.jpg
528,canovas_linha_comfort_guararapes.jpg
529,tela_linha_comfort_guararapes.jpg
530,preto_silk_linha_comfort_guararapes.jpg
531,fendi_linha_comfort_guararapes.jpg
532,santorini_linha_comfort_guararapes.jpg
